Model,Alpha,Wiring Cost,Conduction Delay,Total Orthogonal Distance,Total Squared Orthogonal Distance
oberved,0.0,12.935594090567257,4.276024780177549,2216.0035294272984,788.5957526437934
oberved,0.01,12.935594090567257,4.276024780177549,2216.0035294272984,788.5957526437934
oberved,0.02,12.935594090567257,4.276024780177549,2216.0035294272984,788.5957526437934
oberved,0.03,12.935594090567257,4.276024780177549,2216.0035294272984,788.5957526437934
oberved,0.04,12.935594090567257,4.276024780177549,2216.0035294272984,788.5957526437934
oberved,0.05,12.935594090567257,4.276024780177549,2216.0035294272984,788.5957526437934
oberved,0.06,12.935594090567257,4.276024780177549,2216.0035294272984,788.5957526437934
